EntryID,CSIA_ID,ID,Rt,AA,d13C_AA,d13C_AA_sd,Vial_Sample_ID
1,1,AA.std.1,1412.6,Ala,-21.102,0.313287408,NA
2,1,AA.std.1,1486.4,Gly,-22.406,0.521830432,NA
3,1,AA.std.1,1655.9,Thr,-17.212,0.661421953,NA
4,1,AA.std.1,1706.3,Ser,-7.59,0.148492424,NA
5,1,AA.std.1,1743.1,Val,-16.36633333,0.35486946,NA
6,1,AA.std.1,1934.3,Leu,-22.58866667,0.481369228,NA
7,1,AA.std.1,1968.8,Ile,-23.76833333,0.632839105,NA
8,1,AA.std.1,2066.4,Nle,-23.25066667,0.848627912,NA
9,1,AA.std.1,2408.7,Asp,-20.75066667,0.348700922,NA
10,1,AA.std.1,2552.5,Glu,-21.87933333,0.271776256,NA
11,1,AA.std.1,2586.8,Phe,-11.765,0.333051047,NA
12,1,AA.std.1,2665,Lys,-15.39366667,0.299234579,NA
13,1,AA.std.1,2724.9,Arg,-22.293,,NA
14,2,DS2_3 Host,1412.6,Ala,-9.732444444,0.360990766,DS2_03_Host
15,2,DS2_3 Host,1486.4,Gly,15.60431235,0.282377997,DS2_03_Host
16,2,DS2_3 Host,1655.9,Thr,-8.924684685,0.635808934,DS2_03_Host
17,2,DS2_3 Host,1706.3,Ser,0.331777778,0.43678866,DS2_03_Host
18,2,DS2_3 Host,1743.1,Val,-19.52333333,0.592463501,DS2_03_Host
19,2,DS2_3 Host,1934.3,Leu,-29.44464832,0.45582014,DS2_03_Host
20,2,DS2_3 Host,1968.8,Ile,-13.66636086,0.223454693,DS2_03_Host
21,2,DS2_3 Host,2066.4,Nle,-22.879,0.553097641,DS2_03_Host
22,2,DS2_3 Host,2408.7,Asp,-19.94754755,0.667508801,DS2_03_Host
23,2,DS2_3 Host,2552.5,Glu,-16.33701299,0.236466347,DS2_03_Host
24,2,DS2_3 Host,2586.8,Phe,-23.80539139,0.361259371,DS2_03_Host
25,2,DS2_3 Host,2665,Lys,-14.73506494,0.138741967,DS2_03_Host
26,2,DS2_3 Host,2724.9,Arg,,,DS2_03_Host
27,3,DS2_1 Symb,1412.6,Ala,-11.40266667,0.353553391,DS2_01_Sym
28,3,DS2_1 Symb,1486.4,Gly,-7.627622378,0.323854906,DS2_01_Sym
29,3,DS2_1 Symb,1655.9,Thr,-17.1668018,0.818122546,DS2_01_Sym
30,3,DS2_1 Symb,1706.3,Ser,-37.33666667,0.159806133,DS2_01_Sym
31,3,DS2_1 Symb,1743.1,Val,-17.90033333,0.642760064,DS2_01_Sym
32,3,DS2_1 Symb,1934.3,Leu,-28.17125382,1.288348555,DS2_01_Sym
33,3,DS2_1 Symb,1968.8,Ile,-14.42782875,0.316783838,DS2_01_Sym
34,3,DS2_1 Symb,2066.4,Nle,-22.2405,0.789838275,DS2_01_Sym
35,3,DS2_1 Symb,2408.7,Asp,-15.25535536,0.777110353,DS2_01_Sym
36,3,DS2_1 Symb,2552.5,Glu,-14.62835498,0.304763023,DS2_01_Sym
37,3,DS2_1 Symb,2586.8,Phe,-20.94510109,0.024748737,DS2_01_Sym
38,3,DS2_1 Symb,2665,Lys,-13.37647908,0.223445743,DS2_01_Sym
39,3,DS2_1 Symb,2724.9,Arg,,,DS2_01_Sym
40,4,DS2_2 Host,1412.6,Ala,-8.342222222,0.608417894,DS2_02_Host
41,4,DS2_2 Host,1486.4,Gly,9.935314685,0.250053994,DS2_02_Host
42,4,DS2_2 Host,1655.9,Thr,-24.96822823,0.298329236,DS2_02_Host
43,4,DS2_2 Host,1706.3,Ser,-1.947333333,0.438100445,DS2_02_Host
44,4,DS2_2 Host,1743.1,Val,-18.384,0.284345447,DS2_02_Host
45,4,DS2_2 Host,1934.3,Leu,-22.5529052,0.052915026,DS2_02_Host
46,4,DS2_2 Host,1968.8,Ile,-10.12201835,0.149540407,DS2_02_Host
47,4,DS2_2 Host,2066.4,Nle,-21.54866667,0.253590878,DS2_02_Host
48,4,DS2_2 Host,2408.7,Asp,-6.394994995,0.111861522,DS2_02_Host
49,4,DS2_2 Host,2552.5,Glu,-10.82965368,0.255736192,DS2_02_Host
50,4,DS2_2 Host,2586.8,Phe,-22.52389839,0.158367716,DS2_02_Host
51,4,DS2_2 Host,2665,Lys,-11.54531025,0.087068938,DS2_02_Host
52,4,DS2_2 Host,2724.9,Arg,,,DS2_02_Host
53,5,DS2_3 Symb,1413,Ala,-6.94,0.37,DS2_03_Sym
54,5,DS2_3 Symb,1486,Gly,-0.86,0.34,DS2_03_Sym
55,5,DS2_3 Symb,1656,Thr,-13.17,0.38,DS2_03_Sym
56,5,DS2_3 Symb,1706,Ser,-21.89,0.47,DS2_03_Sym
57,5,DS2_3 Symb,1743,Val,-19.77,0.34,DS2_03_Sym
58,5,DS2_3 Symb,1934,Leu,-23.38,0.11,DS2_03_Sym
59,5,DS2_3 Symb,1969,Ile,-14.77,0.31,DS2_03_Sym
60,5,DS2_3 Symb,2066,Nle,-21.39,0.42,DS2_03_Sym
61,5,DS2_3 Symb,2409,Asp,-8.08,0.27,DS2_03_Sym
62,5,DS2_3 Symb,2553,Glu,-11.38,0.12,DS2_03_Sym
63,5,DS2_3 Symb,2587,Phe,-23.53,0.07,DS2_03_Sym
64,5,DS2_3 Symb,2665,Lys,-13.14,0.03,DS2_03_Sym
65,5,DS2_3 Symb,2725,Arg,,,DS2_03_Sym
66,6,DS2_7 Host,1413,Ala,-12.07,0.52,DS2_07_Host
67,6,DS2_7 Host,1486,Gly,4.52,0.23,DS2_07_Host
68,6,DS2_7 Host,1656,Thr,-7.07,0.2,DS2_07_Host
69,6,DS2_7 Host,1706,Ser,4.82,0.56,DS2_07_Host
70,6,DS2_7 Host,1743,Val,-18.92,0.46,DS2_07_Host
71,6,DS2_7 Host,1934,Leu,-26.09,0.03,DS2_07_Host
72,6,DS2_7 Host,1969,Ile,-12.85,0.16,DS2_07_Host
73,6,DS2_7 Host,2066,Nle,-21.56,0.16,DS2_07_Host
74,6,DS2_7 Host,2409,Asp,-14.17,0.06,DS2_07_Host
75,6,DS2_7 Host,2553,Glu,-14.6,0.04,DS2_07_Host
76,6,DS2_7 Host,2587,Phe,-25.77,0.24,DS2_07_Host
77,6,DS2_7 Host,2665,Lys,-14.35,0.17,DS2_07_Host
78,6,DS2_7 Host,2725,Arg,,,DS2_07_Host
79,7,DS2_5_Host,1413,Ala,2.45,0.08,DS2_05_Host
80,7,DS2_5_Host,1486,Gly,12.18,0.34,DS2_05_Host
81,7,DS2_5_Host,1656,Thr,-1.6,0.32,DS2_05_Host
82,7,DS2_5_Host,1706,Ser,-68.98,0.47,DS2_05_Host
83,7,DS2_5_Host,1743,Val,-17.01,0.46,DS2_05_Host
84,7,DS2_5_Host,1934,Leu,-23.27,0.18,DS2_05_Host
85,7,DS2_5_Host,1969,Ile,-9.85,0.19,DS2_05_Host
86,7,DS2_5_Host,2066,Nle,-21.18,0.19,DS2_05_Host
87,7,DS2_5_Host,2409,Asp,-12.08,0.1,DS2_05_Host
88,7,DS2_5_Host,2553,Glu,-11.88,0.12,DS2_05_Host
89,7,DS2_5_Host,2587,Phe,-24.69,0.04,DS2_05_Host
90,7,DS2_5_Host,2665,Lys,-11.86,0.11,DS2_05_Host
91,7,DS2_5_Host,2725,Arg,-0.65,,DS2_05_Host
92,8,DS2_8_Host,1413,Ala,1.94,0.26,DS2_08_Host
93,8,DS2_8_Host,1486,Gly,23.58,0.1,DS2_08_Host
94,8,DS2_8_Host,1656,Thr,-3.21,0.27,DS2_08_Host
95,8,DS2_8_Host,1706,Ser,40.65,0.32,DS2_08_Host
96,8,DS2_8_Host,1743,Val,-19.51,0.08,DS2_08_Host
97,8,DS2_8_Host,1934,Leu,-23.05,0.32,DS2_08_Host
98,8,DS2_8_Host,1969,Ile,-9.18,0.19,DS2_08_Host
99,8,DS2_8_Host,2066,Nle,-22.11,0.21,DS2_08_Host
100,8,DS2_8_Host,2409,Asp,-9.34,0.2,DS2_08_Host
101,8,DS2_8_Host,2553,Glu,-11.87,0.08,DS2_08_Host
102,8,DS2_8_Host,2587,Phe,-24.44,0.22,DS2_08_Host
103,8,DS2_8_Host,2665,Lys,-12.71,0.01,DS2_08_Host
104,8,DS2_8_Host,2725,Arg,,,DS2_08_Host
105,9,AA.std.2,1412.6,Ala,-18.37,0.34,NA
106,9,AA.std.2,1486.4,Gly,-19.9,0.51,NA
107,9,AA.std.2,1655.9,Thr,-18.44,0.42,NA
108,9,AA.std.2,1706.3,Ser,-18.94,0.43,NA
109,9,AA.std.2,1743.1,Val,-17.31,0.18,NA
110,9,AA.std.2,1934.3,Leu,-22.8,0.67,NA
111,9,AA.std.2,1968.8,Ile,-23.33,0.12,NA
112,9,AA.std.2,2066.4,Nle,-22.63,0.5,NA
113,9,AA.std.2,2408.7,Asp,-20.24,0.47,NA
114,9,AA.std.2,2552.5,Glu,-22.26,0.55,NA
115,9,AA.std.2,2586.8,Phe,-11.82,0.68,NA
116,9,AA.std.2,2665,Lys,-16.58,0.36,NA
117,9,AA.std.2,2724.9,Arg,-12.06,0.47,NA
118,10,DS2_05_Sym,1413,Ala,-19.59,0.29,DS2_05_Sym
119,10,DS2_05_Sym,1486,Gly,-11.84,0.2,DS2_05_Sym
120,10,DS2_05_Sym,1656,Thr,-7.38,0.56,DS2_05_Sym
121,10,DS2_05_Sym,1706,Ser,-1.85,0.8,DS2_05_Sym
122,10,DS2_05_Sym,1743,Val,-24.43,0.3,DS2_05_Sym
123,10,DS2_05_Sym,1934,Leu,-26.46,0.22,DS2_05_Sym
124,10,DS2_05_Sym,1969,Ile,-15.34,0.36,DS2_05_Sym
125,10,DS2_05_Sym,2066,Nle,-21.77,0.75,DS2_05_Sym
126,10,DS2_05_Sym,2409,Asp,-21,0.5,DS2_05_Sym
127,10,DS2_05_Sym,2553,Glu,-13.89,0.45,DS2_05_Sym
128,10,DS2_05_Sym,2587,Phe,-23.22,0.03,DS2_05_Sym
129,10,DS2_05_Sym,2665,Lys,-12.58,0.35,DS2_05_Sym
130,10,DS2_05_Sym,2725,Arg,4.43,,DS2_05_Sym
131,11,DS2_07_Symb,1413,Ala,-10.45,0.22,DS2_07_Sym
132,11,DS2_07_Symb,1486,Gly,1.87,0.43,DS2_07_Sym
133,11,DS2_07_Symb,1656,Thr,0.92,0.36,DS2_07_Sym
134,11,DS2_07_Symb,1706,Ser,7.47,0.49,DS2_07_Sym
135,11,DS2_07_Symb,1743,Val,-23.82,0.33,DS2_07_Sym
136,11,DS2_07_Symb,1934,Leu,-25.88,0.09,DS2_07_Sym
137,11,DS2_07_Symb,1969,Ile,-13.41,0.56,DS2_07_Sym
138,11,DS2_07_Symb,2066,Nle,-21.54,0.29,DS2_07_Sym
139,11,DS2_07_Symb,2409,Asp,-16.67,0.61,DS2_07_Sym
140,11,DS2_07_Symb,2553,Glu,-14.56,0.32,DS2_07_Sym
141,11,DS2_07_Symb,2587,Phe,-23.96,0.23,DS2_07_Sym
142,11,DS2_07_Symb,2665,Lys,-12.62,0.1,DS2_07_Sym
143,11,DS2_07_Symb,2725,Arg,4.43,,DS2_07_Sym
144,12,DS2_08_Sym,1413,Ala,-10.77,0.14,DS2_08_Sym
145,12,DS2_08_Sym,1486,Gly,-1.83,0.21,DS2_08_Sym
146,12,DS2_08_Sym,1656,Thr,-1.94,0.5,DS2_08_Sym
147,12,DS2_08_Sym,1706,Ser,2.86,0.72,DS2_08_Sym
148,12,DS2_08_Sym,1743,Val,-17.57,0.62,DS2_08_Sym
149,12,DS2_08_Sym,1934,Leu,-22.31,0.67,DS2_08_Sym
150,12,DS2_08_Sym,1969,Ile,-11.24,0.15,DS2_08_Sym
151,12,DS2_08_Sym,2066,Nle,-20.7,0.59,DS2_08_Sym
152,12,DS2_08_Sym,2409,Asp,-9.07,0.57,DS2_08_Sym
153,12,DS2_08_Sym,2553,Glu,-9.12,0.25,DS2_08_Sym
154,12,DS2_08_Sym,2587,Phe,-21.3,0.12,DS2_08_Sym
155,12,DS2_08_Sym,2665,Lys,-7.5,0.19,DS2_08_Sym
156,12,DS2_08_Sym,2725,Arg,4.43,,DS2_08_Sym
157,13,003_Host_C,1413,Ala,-12.32,0.13,Lm_003_Host
158,13,003_Host_C,1486,Gly,3.64,0.02,Lm_003_Host
159,13,003_Host_C,1656,Thr,-5.9,0.6,Lm_003_Host
160,13,003_Host_C,1706,Ser,26.19,0.51,Lm_003_Host
161,13,003_Host_C,1743,Val,-25.94,0.33,Lm_003_Host
162,13,003_Host_C,1934,Leu,-29.13,0.18,Lm_003_Host
163,13,003_Host_C,1969,Ile,-16.36,0.57,Lm_003_Host
164,13,003_Host_C,2066,Nle,-21.11,0.18,Lm_003_Host
165,13,003_Host_C,2409,Asp,-20.66,1.07,Lm_003_Host
166,13,003_Host_C,2553,Glu,-18.51,0.28,Lm_003_Host
167,13,003_Host_C,2587,Phe,-25.98,0.06,Lm_003_Host
168,13,003_Host_C,2665,Lys,-12.24,0.09,Lm_003_Host
169,13,003_Host_C,2725,Arg,-17.78,0.15,Lm_003_Host
170,14,017_Host,1413,Ala,-16.32,0.27,Lm_017_Host
171,14,017_Host,1486,Gly,0.92,0.32,Lm_017_Host
172,14,017_Host,1656,Thr,-7.5,0.36,Lm_017_Host
173,14,017_Host,1706,Ser,30.19,0.49,Lm_017_Host
174,14,017_Host,1743,Val,-22,0.31,Lm_017_Host
175,14,017_Host,1934,Leu,-27.62,0.09,Lm_017_Host
176,14,017_Host,1969,Ile,-17.52,0.31,Lm_017_Host
177,14,017_Host,2066,Nle,-20.91,0.25,Lm_017_Host
178,14,017_Host,2409,Asp,-11.01,0.1,Lm_017_Host
179,14,017_Host,2553,Glu,-11.53,0.3,Lm_017_Host
180,14,017_Host,2587,Phe,-25.22,0.12,Lm_017_Host
181,14,017_Host,2665,Lys,-11.15,0.09,Lm_017_Host
182,14,017_Host,2725,Arg,-19.87,0.15,Lm_017_Host
183,15,016_Host,1413,Ala,-17.92,0.28,Lm_016_Host
184,15,016_Host,1486,Gly,0,0.4,Lm_016_Host
185,15,016_Host,1656,Thr,-5.85,0.18,Lm_016_Host
186,15,016_Host,1706,Ser,32.15,0.54,Lm_016_Host
187,15,016_Host,1743,Val,-21.32,0.2,Lm_016_Host
188,15,016_Host,1934,Leu,-26.59,0.1,Lm_016_Host
189,15,016_Host,1969,Ile,-15.78,0.34,Lm_016_Host
190,15,016_Host,2066,Nle,-20.72,0.25,Lm_016_Host
191,15,016_Host,2409,Asp,-9.5,0.17,Lm_016_Host
192,15,016_Host,2553,Glu,-11.28,0.39,Lm_016_Host
193,15,016_Host,2587,Phe,-24.78,0.04,Lm_016_Host
194,15,016_Host,2665,Lys,-10.47,0.07,Lm_016_Host
195,15,016_Host,2725,Arg,-17.7,0.05,Lm_016_Host
196,16,AA.std.3,1412.6,Ala,-18.24,0.36,NA
197,16,AA.std.3,1486.4,Gly,-15.98,0.48,NA
198,16,AA.std.3,1655.9,Thr,-19.03,0.61,NA
199,16,AA.std.3,1706.3,Ser,-19.09,0.58,NA
200,16,AA.std.3,1743.1,Val,-15.92,0.46,NA
201,16,AA.std.3,1934.3,Leu,-22.48,0.63,NA
202,16,AA.std.3,1968.8,Ile,-23.41,0.13,NA
203,16,AA.std.3,2066.4,Nle,-22.33,0.37,NA
204,16,AA.std.3,2408.7,Asp,-20.66,0.64,NA
205,16,AA.std.3,2552.5,Glu,-21.85,0.77,NA
206,16,AA.std.3,2586.8,Phe,-11.52,0.45,NA
207,16,AA.std.3,2665,Lys,-14.08,0.04,NA
208,16,AA.std.3,2724.9,Arg,-6.91,0.13,NA
209,17,DG2_02_Host,1413,Ala,-3.05,0.16,DG2_02_Host
210,17,DG2_02_Host,1486,Gly,-8.71,0.9,DG2_02_Host
211,17,DG2_02_Host,1656,Thr,-6.02,0.51,DG2_02_Host
212,17,DG2_02_Host,1706,Ser,20.79,0.64,DG2_02_Host
213,17,DG2_02_Host,1743,Val,-26.92,0.22,DG2_02_Host
214,17,DG2_02_Host,1934,Leu,-27.62,0.06,DG2_02_Host
215,17,DG2_02_Host,1969,Ile,-13.62,0.37,DG2_02_Host
216,17,DG2_02_Host,2066,Nle,-21.63,0.04,DG2_02_Host
217,17,DG2_02_Host,2409,Asp,-15.25,0.22,DG2_02_Host
218,17,DG2_02_Host,2553,Glu,-14.99,0.07,DG2_02_Host
219,17,DG2_02_Host,2587,Phe,-24.16,0.28,DG2_02_Host
220,17,DG2_02_Host,2665,Lys,-16.22,0.19,DG2_02_Host
221,17,DG2_02_Host,2725,Arg,-4.93,,DG2_02_Host
222,18,008_Host,1413,Ala,-18.59,0.17,Lm_008_Host
223,18,008_Host,1486,Gly,-14.74,0.47,Lm_008_Host
224,18,008_Host,1656,Thr,-9.12,0.23,Lm_008_Host
225,18,008_Host,1706,Ser,12.23,0.31,Lm_008_Host
226,18,008_Host,1743,Val,-28.76,0.5,Lm_008_Host
227,18,008_Host,1934,Leu,-31.96,0.44,Lm_008_Host
228,18,008_Host,1969,Ile,-15.08,0.44,Lm_008_Host
229,18,008_Host,2066,Nle,-22.54,0.5,Lm_008_Host
230,18,008_Host,2409,Asp,-16.28,0.66,Lm_008_Host
231,18,008_Host,2553,Glu,-15.85,0.46,Lm_008_Host
232,18,008_Host,2587,Phe,-25.54,0.32,Lm_008_Host
233,18,008_Host,2665,Lys,-16.82,0.25,Lm_008_Host
234,18,008_Host,2725,Arg,-4.93,,Lm_008_Host
235,19,009_Host,1413,Ala,-18.96,0.48,Lm_009_Host
236,19,009_Host,1486,Gly,-12.68,0.44,Lm_009_Host
237,19,009_Host,1656,Thr,-10.05,0.35,Lm_009_Host
238,19,009_Host,1706,Ser,8.44,0.14,Lm_009_Host
239,19,009_Host,1743,Val,-24.17,0.55,Lm_009_Host
240,19,009_Host,1934,Leu,-29.71,0.26,Lm_009_Host
241,19,009_Host,1969,Ile,-13.94,0.09,Lm_009_Host
242,19,009_Host,2066,Nle,-21.88,0.69,Lm_009_Host
243,19,009_Host,2409,Asp,-10.06,0.14,Lm_009_Host
244,19,009_Host,2553,Glu,-13.24,0.5,Lm_009_Host
245,19,009_Host,2587,Phe,-24.43,0.06,Lm_009_Host
246,19,009_Host,2665,Lys,-15.72,0.06,Lm_009_Host
247,19,009_Host,2725,Arg,-4.93,,Lm_009_Host
248,20,001_Sym,1413,Ala,-23.72,0.46,Lm_001_Sym
249,20,001_Sym,1486,Gly,-29.42,0.23,Lm_001_Sym
250,20,001_Sym,1656,Thr,-6.78,0.24,Lm_001_Sym
251,20,001_Sym,1706,Ser,-1.49,0.21,Lm_001_Sym
252,20,001_Sym,1743,Val,-30.11,0.46,Lm_001_Sym
253,20,001_Sym,1934,Leu,-33.85,0.71,Lm_001_Sym
254,20,001_Sym,1969,Ile,-18.2,0.36,Lm_001_Sym
255,20,001_Sym,2066,Nle,-21.98,0.83,Lm_001_Sym
256,20,001_Sym,2409,Asp,-15.77,1.29,Lm_001_Sym
257,20,001_Sym,2553,Glu,-17.73,0.59,Lm_001_Sym
258,20,001_Sym,2587,Phe,-25.95,0.48,Lm_001_Sym
259,20,001_Sym,2665,Lys,-18.02,0.18,Lm_001_Sym
260,20,001_Sym,2725,Arg,-40.93,0.21,Lm_001_Sym
261,21,008_Sym,1413,Ala,-21.57,0.19,Lm_008_Sym
262,21,008_Sym,1486,Gly,-22.81,0.09,Lm_008_Sym
263,21,008_Sym,1656,Thr,-17.12,0.7,Lm_008_Sym
264,21,008_Sym,1706,Ser,0.64,0.19,Lm_008_Sym
265,21,008_Sym,1743,Val,-24.7,0.12,Lm_008_Sym
266,21,008_Sym,1934,Leu,-26.94,0.75,Lm_008_Sym
267,21,008_Sym,1969,Ile,-17.47,0.22,Lm_008_Sym
268,21,008_Sym,2066,Nle,-20.29,0.25,Lm_008_Sym
269,21,008_Sym,2409,Asp,-8.66,0.12,Lm_008_Sym
270,21,008_Sym,2553,Glu,-12.4,0.27,Lm_008_Sym
271,21,008_Sym,2587,Phe,-23,0.38,Lm_008_Sym
272,21,008_Sym,2665,Lys,-15.52,0.09,Lm_008_Sym
273,21,008_Sym,2725,Arg,,,Lm_008_Sym
274,22,009_Sym,1413,Ala,-20.86,0.1,Lm_009_Sym
275,22,009_Sym,1486,Gly,-24.78,0.26,Lm_009_Sym
276,22,009_Sym,1656,Thr,-13.51,0.65,Lm_009_Sym
277,22,009_Sym,1706,Ser,2.28,0.18,Lm_009_Sym
278,22,009_Sym,1743,Val,-23.72,0.05,Lm_009_Sym
279,22,009_Sym,1934,Leu,-28.95,0.11,Lm_009_Sym
280,22,009_Sym,1969,Ile,-16.82,0.3,Lm_009_Sym
281,22,009_Sym,2066,Nle,-20.8,0.04,Lm_009_Sym
282,22,009_Sym,2409,Asp,-8.67,0.11,Lm_009_Sym
283,22,009_Sym,2553,Glu,-12.18,0.22,Lm_009_Sym
284,22,009_Sym,2587,Phe,-23.28,0.34,Lm_009_Sym
285,22,009_Sym,2665,Lys,-15.1,0.07,Lm_009_Sym
286,22,009_Sym,2725,Arg,,,Lm_009_Sym
287,23,015_Sym,1413,Ala,-21.18,0.22,Lm_015_Sym
288,23,015_Sym,1486,Gly,-23.95,0.2,Lm_015_Sym
289,23,015_Sym,1656,Thr,-21.4,0.37,Lm_015_Sym
290,23,015_Sym,1706,Ser,-1.24,0.11,Lm_015_Sym
291,23,015_Sym,1743,Val,-23.73,0.11,Lm_015_Sym
292,23,015_Sym,1934,Leu,-28.37,0.04,Lm_015_Sym
293,23,015_Sym,1969,Ile,-18.42,0.61,Lm_015_Sym
294,23,015_Sym,2066,Nle,-20.52,0.14,Lm_015_Sym
295,23,015_Sym,2409,Asp,-8.31,0.08,Lm_015_Sym
296,23,015_Sym,2553,Glu,-10.95,0.07,Lm_015_Sym
297,23,015_Sym,2587,Phe,-23.44,0.16,Lm_015_Sym
298,23,015_Sym,2665,Lys,-14.69,0.12,Lm_015_Sym
299,23,015_Sym,2725,Arg,,,Lm_015_Sym
300,24,017_Sym,1413,Ala,-23.68,0.08,Lm_017_Sym
301,24,017_Sym,1486,Gly,-28.72,0.25,Lm_017_Sym
302,24,017_Sym,1656,Thr,-18.91,0.3,Lm_017_Sym
303,24,017_Sym,1706,Ser,6.94,0.3,Lm_017_Sym
304,24,017_Sym,1743,Val,-27.5,0.21,Lm_017_Sym
305,24,017_Sym,1934,Leu,-31.09,0.04,Lm_017_Sym
306,24,017_Sym,1969,Ile,-19.28,0.41,Lm_017_Sym
307,24,017_Sym,2066,Nle,-19.97,0.37,Lm_017_Sym
308,24,017_Sym,2409,Asp,-8.39,0.07,Lm_017_Sym
309,24,017_Sym,2553,Glu,-12.4,0.04,Lm_017_Sym
310,24,017_Sym,2587,Phe,-24.35,0.07,Lm_017_Sym
311,24,017_Sym,2665,Lys,-16.99,0.06,Lm_017_Sym
312,24,017_Sym,2725,Arg,-34.83,0.28,Lm_017_Sym
313,25,AA.std.4,1412.6,Ala,-19.13,0.58,NA
314,25,AA.std.4,1486.4,Gly,-12.73,0.4,NA
315,25,AA.std.4,1655.9,Thr,-18.64,0.31,NA
316,25,AA.std.4,1706.3,Ser,-15.11,0.48,NA
317,25,AA.std.4,1743.1,Val,-17.44,0.11,NA
318,25,AA.std.4,1934.3,Leu,-22.19,0.31,NA
319,25,AA.std.4,1968.8,Ile,-22.16,0.47,NA
320,25,AA.std.4,2066.4,Nle,-20.3,0.4,NA
321,25,AA.std.4,2408.7,Asp,-20.75,0.41,NA
322,25,AA.std.4,2552.5,Glu,-21.9,0.6,NA
323,25,AA.std.4,2586.8,Phe,-11.89,0.5,NA
324,25,AA.std.4,2665,Lys,-15.54,0.46,NA
325,25,AA.std.4,2724.9,Arg,-7.87,,NA
326,26,DG2_04_Host,1413,Ala,-2.31,0.28,DG2_04_Host
327,26,DG2_04_Host,1486,Gly,-12.89,0.33,DG2_04_Host
328,26,DG2_04_Host,1656,Thr,-8.18,0.5,DG2_04_Host
329,26,DG2_04_Host,1706,Ser,5.89,0.2,DG2_04_Host
330,26,DG2_04_Host,1743,Val,-22.34,0.41,DG2_04_Host
331,26,DG2_04_Host,1934,Leu,-28.63,0.21,DG2_04_Host
332,26,DG2_04_Host,1969,Ile,-16.03,0.33,DG2_04_Host
333,26,DG2_04_Host,2066,Nle,-21.53,0.09,DG2_04_Host
334,26,DG2_04_Host,2409,Asp,-18.45,0.2,DG2_04_Host
335,26,DG2_04_Host,2553,Glu,-16.41,0.21,DG2_04_Host
336,26,DG2_04_Host,2587,Phe,-24.22,0.02,DG2_04_Host
337,26,DG2_04_Host,2665,Lys,-15.02,0.2,DG2_04_Host
338,26,DG2_04_Host,2725,Arg,-3.19,,DG2_04_Host
339,27,DG2_07_Host,1413,Ala,4.5,0.41,DG2_07_Host
340,27,DG2_07_Host,1486,Gly,-13.1,0.19,DG2_07_Host
341,27,DG2_07_Host,1656,Thr,-5.46,0.49,DG2_07_Host
342,27,DG2_07_Host,1706,Ser,8.9,0.46,DG2_07_Host
343,27,DG2_07_Host,1743,Val,-19.53,0.34,DG2_07_Host
344,27,DG2_07_Host,1934,Leu,-28.07,0.15,DG2_07_Host
345,27,DG2_07_Host,1969,Ile,-15.35,0.41,DG2_07_Host
346,27,DG2_07_Host,2066,Nle,-20.95,0.15,DG2_07_Host
347,27,DG2_07_Host,2409,Asp,-17.09,0.4,DG2_07_Host
348,27,DG2_07_Host,2553,Glu,-16.52,0.33,DG2_07_Host
349,27,DG2_07_Host,2587,Phe,-23.98,0.04,DG2_07_Host
350,27,DG2_07_Host,2665,Lys,-14.68,0.29,DG2_07_Host
351,27,DG2_07_Host,2725,Arg,-3.19,,DG2_07_Host
352,28,DG2_09_Host,1413,Ala,11.16,0.26,DG2_09_Host
353,28,DG2_09_Host,1486,Gly,-1.15,0.23,DG2_09_Host
354,28,DG2_09_Host,1656,Thr,-1.69,0.29,DG2_09_Host
355,28,DG2_09_Host,1706,Ser,25.2,0.22,DG2_09_Host
356,28,DG2_09_Host,1743,Val,-16.12,0.31,DG2_09_Host
357,28,DG2_09_Host,1934,Leu,-23.7,0.08,DG2_09_Host
358,28,DG2_09_Host,1969,Ile,-11.31,0.35,DG2_09_Host
359,28,DG2_09_Host,2066,Nle,-20.44,0.13,DG2_09_Host
360,28,DG2_09_Host,2409,Asp,-19.1,0.27,DG2_09_Host
361,28,DG2_09_Host,2553,Glu,-17.28,0.18,DG2_09_Host
362,28,DG2_09_Host,2587,Phe,-23.26,0.03,DG2_09_Host
363,28,DG2_09_Host,2665,Lys,-13.16,0.21,DG2_09_Host
364,28,DG2_09_Host,2725,Arg,-26.71,0.19,DG2_09_Host
365,29,DG2_10_Host,1413,Ala,7.46,0.23,DG2_10_Host
366,29,DG2_10_Host,1486,Gly,-1.83,0.2,DG2_10_Host
367,29,DG2_10_Host,1656,Thr,-2.95,0.15,DG2_10_Host
368,29,DG2_10_Host,1706,Ser,20.16,0.33,DG2_10_Host
369,29,DG2_10_Host,1743,Val,-18.2,0.26,DG2_10_Host
370,29,DG2_10_Host,1934,Leu,-27.18,0.07,DG2_10_Host
371,29,DG2_10_Host,1969,Ile,-13.83,0.34,DG2_10_Host
372,29,DG2_10_Host,2066,Nle,-21.56,0.74,DG2_10_Host
373,29,DG2_10_Host,2409,Asp,-13.32,0.04,DG2_10_Host
374,29,DG2_10_Host,2553,Glu,-14.16,0.14,DG2_10_Host
375,29,DG2_10_Host,2587,Phe,-24.15,0.14,DG2_10_Host
376,29,DG2_10_Host,2665,Lys,-14.12,0.41,DG2_10_Host
377,29,DG2_10_Host,2725,Arg,-28.23,0.29,DG2_10_Host
378,30,DG2_2_Sym,1413,Ala,-14.66,0.49,DG2_02_Sym
379,30,DG2_2_Sym,1486,Gly,-35.19,0.36,DG2_02_Sym
380,30,DG2_2_Sym,1656,Thr,-9.47,0.37,DG2_02_Sym
381,30,DG2_2_Sym,1706,Ser,-16.65,0.32,DG2_02_Sym
382,30,DG2_2_Sym,1743,Val,-17.45,0.33,DG2_02_Sym
383,30,DG2_2_Sym,1934,Leu,-24.89,0.36,DG2_02_Sym
384,30,DG2_2_Sym,1969,Ile,-15.81,0.61,DG2_02_Sym
385,30,DG2_2_Sym,2066,Nle,-20.82,0.37,DG2_02_Sym
386,30,DG2_2_Sym,2409,Asp,-5.97,0.46,DG2_02_Sym
387,30,DG2_2_Sym,2553,Glu,-10.06,0.31,DG2_02_Sym
388,30,DG2_2_Sym,2587,Phe,-20.31,0.44,DG2_02_Sym
389,30,DG2_2_Sym,2665,Lys,-10.54,0.13,DG2_02_Sym
390,30,DG2_2_Sym,2725,Arg,,,DG2_02_Sym
391,31,DG2_4_Sym,1413,Ala,-18.07,0.24,DG2_04_Sym
392,31,DG2_4_Sym,1486,Gly,-36.92,0.28,DG2_04_Sym
393,31,DG2_4_Sym,1656,Thr,-8.36,0.18,DG2_04_Sym
394,31,DG2_4_Sym,1706,Ser,-17.72,0.08,DG2_04_Sym
395,31,DG2_4_Sym,1743,Val,-19.77,0.33,DG2_04_Sym
396,31,DG2_4_Sym,1934,Leu,-29.01,0.12,DG2_04_Sym
397,31,DG2_4_Sym,1969,Ile,-20.66,0.21,DG2_04_Sym
398,31,DG2_4_Sym,2066,Nle,-20.21,0.11,DG2_04_Sym
399,31,DG2_4_Sym,2409,Asp,-4.15,0.06,DG2_04_Sym
400,31,DG2_4_Sym,2553,Glu,-9.79,0.24,DG2_04_Sym
401,31,DG2_4_Sym,2587,Phe,-21.73,0.33,DG2_04_Sym
402,31,DG2_4_Sym,2665,Lys,-11.97,0.14,DG2_04_Sym
403,31,DG2_4_Sym,2725,Arg,,,DG2_04_Sym
404,32,DG2_7_Sym,1413,Ala,-15.93,0.14,DG2_07_Sym
405,32,DG2_7_Sym,1486,Gly,-33.27,0.27,DG2_07_Sym
406,32,DG2_7_Sym,1656,Thr,-7.2,0.19,DG2_07_Sym
407,32,DG2_7_Sym,1706,Ser,-5.32,0.2,DG2_07_Sym
408,32,DG2_7_Sym,1743,Val,-17.55,0.01,DG2_07_Sym
409,32,DG2_7_Sym,1934,Leu,-27.91,0.09,DG2_07_Sym
410,32,DG2_7_Sym,1969,Ile,-16.28,0.24,DG2_07_Sym
411,32,DG2_7_Sym,2066,Nle,-20.6,0.13,DG2_07_Sym
412,32,DG2_7_Sym,2409,Asp,-7.24,0.13,DG2_07_Sym
413,32,DG2_7_Sym,2553,Glu,-9.51,0.11,DG2_07_Sym
414,32,DG2_7_Sym,2587,Phe,-22.32,0.19,DG2_07_Sym
415,32,DG2_7_Sym,2665,Lys,-11.61,0.06,DG2_07_Sym
416,32,DG2_7_Sym,2725,Arg,,,DG2_07_Sym
417,33,DG2_9_Sym,1413,Ala,-1.81,0.54,DG2_09_Sym
418,33,DG2_9_Sym,1486,Gly,-15.25,0.29,DG2_09_Sym
419,33,DG2_9_Sym,1656,Thr,-4.71,0.39,DG2_09_Sym
420,33,DG2_9_Sym,1706,Ser,15.02,0.65,DG2_09_Sym
421,33,DG2_9_Sym,1743,Val,-14.88,0.13,DG2_09_Sym
422,33,DG2_9_Sym,1934,Leu,-26.58,0.12,DG2_09_Sym
423,33,DG2_9_Sym,1969,Ile,-13.14,0.2,DG2_09_Sym
424,33,DG2_9_Sym,2066,Nle,-21.47,0.01,DG2_09_Sym
425,33,DG2_9_Sym,2409,Asp,-8.02,0.08,DG2_09_Sym
426,33,DG2_9_Sym,2553,Glu,-9.75,0.12,DG2_09_Sym
427,33,DG2_9_Sym,2587,Phe,-21.51,0.15,DG2_09_Sym
428,33,DG2_9_Sym,2665,Lys,-11.81,0.11,DG2_09_Sym
429,33,DG2_9_Sym,2725,Arg,,,DG2_09_Sym
430,34,AA.std.5,1412.6,Ala,-20.28,0.71,NA
431,34,AA.std.5,1486.4,Gly,-18.4,0.47,NA
432,34,AA.std.5,1655.9,Thr,-19.94,0.45,NA
433,34,AA.std.5,1706.3,Ser,-20.35,0.54,NA
434,34,AA.std.5,1743.1,Val,-15.91,0.49,NA
435,34,AA.std.5,1934.3,Leu,-24.32,0.31,NA
436,34,AA.std.5,1968.8,Ile,-23.46,0.19,NA
437,34,AA.std.5,2066.4,Nle,-22.46,0.89,NA
438,34,AA.std.5,2408.7,Asp,-20.82,0.46,NA
439,34,AA.std.5,2552.5,Glu,-22.24,0.46,NA
440,34,AA.std.5,2586.8,Phe,-11.84,0.51,NA
441,34,AA.std.5,2665,Lys,-16.25,0.41,NA
442,34,AA.std.5,2724.9,Arg,-9.65,0.32,NA
443,35,DG2_10_Sym,1413,Ala,-13.57,0.15,DG2_10_Sym
444,35,DG2_10_Sym,1486,Gly,-17.6,0.35,DG2_10_Sym
445,35,DG2_10_Sym,1656,Thr,-9.63,0.5,DG2_10_Sym
446,35,DG2_10_Sym,1706,Ser,-2.15,0.03,DG2_10_Sym
447,35,DG2_10_Sym,1743,Val,-27.85,0.49,DG2_10_Sym
448,35,DG2_10_Sym,1934,Leu,-28.51,0.41,DG2_10_Sym
449,35,DG2_10_Sym,1969,Ile,-16.56,0.07,DG2_10_Sym
450,35,DG2_10_Sym,2066,Nle,-23.23,0.11,DG2_10_Sym
451,35,DG2_10_Sym,2409,Asp,-17.58,0.28,DG2_10_Sym
452,35,DG2_10_Sym,2553,Glu,-15.99,0.13,DG2_10_Sym
453,35,DG2_10_Sym,2587,Phe,-23.25,0.03,DG2_10_Sym
454,35,DG2_10_Sym,2665,Lys,-14.29,0.26,DG2_10_Sym
455,35,DG2_10_Sym,2725,Arg,0.05,,DG2_10_Sym
456,36,021_Host,1413,Ala,-8.87,0.41,Mg_021_Host
457,36,021_Host,1486,Gly,-4.72,0.16,Mg_021_Host
458,36,021_Host,1656,Thr,-9.49,0.11,Mg_021_Host
459,36,021_Host,1706,Ser,7.78,0.45,Mg_021_Host
460,36,021_Host,1743,Val,-23.82,0.06,Mg_021_Host
461,36,021_Host,1934,Leu,-22.42,0.44,Mg_021_Host
462,36,021_Host,1969,Ile,-11.21,0.36,Mg_021_Host
463,36,021_Host,2066,Nle,-22.4,0.04,Mg_021_Host
464,36,021_Host,2409,Asp,-12.31,0.34,Mg_021_Host
465,36,021_Host,2553,Glu,-10.92,0.53,Mg_021_Host
466,36,021_Host,2587,Phe,-21.23,0.16,Mg_021_Host
467,36,021_Host,2665,Lys,-9.75,0.52,Mg_021_Host
468,36,021_Host,2725,Arg,0.05,,Mg_021_Host
469,37,022_Host,1413,Ala,-15.07,0.75,Mg_022_Host
470,37,022_Host,1486,Gly,-13.23,0.25,Mg_022_Host
471,37,022_Host,1656,Thr,-11.55,0.8,Mg_022_Host
472,37,022_Host,1706,Ser,9.58,0.47,Mg_022_Host
473,37,022_Host,1743,Val,-20.6,0.6,Mg_022_Host
474,37,022_Host,1934,Leu,-23.89,0.83,Mg_022_Host
475,37,022_Host,1969,Ile,-8.1,0.34,Mg_022_Host
476,37,022_Host,2066,Nle,-22.07,0.36,Mg_022_Host
477,37,022_Host,2409,Asp,-13.06,0.59,Mg_022_Host
478,37,022_Host,2553,Glu,-11.43,0.26,Mg_022_Host
479,37,022_Host,2587,Phe,-20.35,0.28,Mg_022_Host
480,37,022_Host,2665,Lys,-6.55,0.22,Mg_022_Host
481,37,022_Host,2725,Arg,0.05,,Mg_022_Host
482,38,023_Host,1413,Ala,-8.25,0.18,Mg_023_Host
483,38,023_Host,1486,Gly,-7.74,0.12,Mg_023_Host
484,38,023_Host,1656,Thr,-6.92,0.42,Mg_023_Host
485,38,023_Host,1706,Ser,13.53,0.32,Mg_023_Host
486,38,023_Host,1743,Val,-18.8,0.31,Mg_023_Host
487,38,023_Host,1934,Leu,-20.79,0.34,Mg_023_Host
488,38,023_Host,1969,Ile,-7.75,0.12,Mg_023_Host
489,38,023_Host,2066,Nle,-21.54,0.32,Mg_023_Host
490,38,023_Host,2409,Asp,-6.96,0.82,Mg_023_Host
491,38,023_Host,2553,Glu,-9.98,0.95,Mg_023_Host
492,38,023_Host,2587,Phe,-19.64,0.29,Mg_023_Host
493,38,023_Host,2665,Lys,-6.04,0.26,Mg_023_Host
494,38,023_Host,2725,Arg,,,Mg_023_Host
495,39,024_Host,1413,Ala,-2.54,0.31,Mg_024_Host
496,39,024_Host,1486,Gly,-6.23,0.31,Mg_024_Host
497,39,024_Host,1656,Thr,-1.96,0.13,Mg_024_Host
498,39,024_Host,1706,Ser,21.27,0.15,Mg_024_Host
499,39,024_Host,1743,Val,-16.02,0.33,Mg_024_Host
500,39,024_Host,1934,Leu,-17.83,0.13,Mg_024_Host
501,39,024_Host,1969,Ile,-6.8,0.14,Mg_024_Host
502,39,024_Host,2066,Nle,-17.91,0.4,Mg_024_Host
503,39,024_Host,2409,Asp,-0.72,0.35,Mg_024_Host
504,39,024_Host,2553,Glu,-3.96,0.38,Mg_024_Host
505,39,024_Host,2587,Phe,-17.95,0.28,Mg_024_Host
506,39,024_Host,2665,Lys,-3.88,0.17,Mg_024_Host
507,39,024_Host,2725,Arg,,,Mg_024_Host
508,40,026_Host,1413,Ala,-3.16,0.4,Mg_026_Host
509,40,026_Host,1486,Gly,-2.09,0.2,Mg_026_Host
510,40,026_Host,1656,Thr,-1.65,0.01,Mg_026_Host
511,40,026_Host,1706,Ser,27.86,0.09,Mg_026_Host
512,40,026_Host,1743,Val,-17.13,0.05,Mg_026_Host
513,40,026_Host,1934,Leu,-20.36,0.11,Mg_026_Host
514,40,026_Host,1969,Ile,-7.27,0.05,Mg_026_Host
515,40,026_Host,2066,Nle,-20.94,0.17,Mg_026_Host
516,40,026_Host,2409,Asp,-7.02,0.16,Mg_026_Host
517,40,026_Host,2553,Glu,-5.19,0.59,Mg_026_Host
518,40,026_Host,2587,Phe,-19.94,0.16,Mg_026_Host
519,40,026_Host,2665,Lys,-5.29,0.07,Mg_026_Host
520,40,026_Host,2725,Arg,,,Mg_026_Host
521,41,021_Sym,1413,Ala,-10.24,0.06,Mg_021_Sym
522,41,021_Sym,1486,Gly,-13.69,0.38,Mg_021_Sym
523,41,021_Sym,1656,Thr,-1.96,0.36,Mg_021_Sym
524,41,021_Sym,1706,Ser,0.93,0.35,Mg_021_Sym
525,41,021_Sym,1743,Val,-17.9,0.28,Mg_021_Sym
526,41,021_Sym,1934,Leu,-19.82,0.53,Mg_021_Sym
527,41,021_Sym,1969,Ile,-9.78,0.78,Mg_021_Sym
528,41,021_Sym,2066,Nle,-20.92,0.12,Mg_021_Sym
529,41,021_Sym,2409,Asp,-3.5,0.11,Mg_021_Sym
530,41,021_Sym,2553,Glu,-4.66,0.05,Mg_021_Sym
531,41,021_Sym,2587,Phe,-17.82,0.24,Mg_021_Sym
532,41,021_Sym,2665,Lys,-5.29,0.27,Mg_021_Sym
533,41,021_Sym,2725,Arg,,,Mg_021_Sym
534,42,AA.std.6,1412.6,Ala,-20.36,0.4,NA
535,42,AA.std.6,1486.4,Gly,-14.19,0.51,NA
536,42,AA.std.6,1655.9,Thr,-20.35,0.52,NA
537,42,AA.std.6,1706.3,Ser,-19.43,0.36,NA
538,42,AA.std.6,1743.1,Val,-15.84,0.61,NA
539,42,AA.std.6,1934.3,Leu,-23.78,0.29,NA
540,42,AA.std.6,1968.8,Ile,-22.95,0.39,NA
541,42,AA.std.6,2066.4,Nle,-23.21,0.69,NA
542,42,AA.std.6,2408.7,Asp,-22.53,0.2,NA
543,42,AA.std.6,2552.5,Glu,-22.87,0.61,NA
544,42,AA.std.6,2586.8,Phe,-12.65,0.45,NA
545,42,AA.std.6,2665,Lys,-16.34,0.4,NA
546,42,AA.std.6,2724.9,Arg,-8.38,0.11,NA
547,43,022_sym,1413,Ala,-16.82,0.6,Mg_022_Sym
548,43,022_sym,1486,Gly,-37.65,0.15,Mg_022_Sym
549,43,022_sym,1656,Thr,-9.71,0.19,Mg_022_Sym
550,43,022_sym,1706,Ser,-7.09,0.52,Mg_022_Sym
551,43,022_sym,1743,Val,-22.72,0.58,Mg_022_Sym
552,43,022_sym,1934,Leu,-24.4,0.5,Mg_022_Sym
553,43,022_sym,1969,Ile,-11.67,0.4,Mg_022_Sym
554,43,022_sym,2066,Nle,-22.87,0.38,Mg_022_Sym
555,43,022_sym,2409,Asp,-2.63,0.63,Mg_022_Sym
556,43,022_sym,2553,Glu,-6.78,0.23,Mg_022_Sym
557,43,022_sym,2587,Phe,-16.46,0.17,Mg_022_Sym
558,43,022_sym,2665,Lys,-7.74,0.08,Mg_022_Sym
559,43,022_sym,2725,Arg,-2.27,,Mg_022_Sym
560,44,023_sym_,1413,Ala,-11.94,0.3,Mg_023_Sym
561,44,023_sym_,1486,Gly,-29.68,0.2,Mg_023_Sym
562,44,023_sym_,1656,Thr,-6.63,0.19,Mg_023_Sym
563,44,023_sym_,1706,Ser,-4.15,0.15,Mg_023_Sym
564,44,023_sym_,1743,Val,-18.72,0.21,Mg_023_Sym
565,44,023_sym_,1934,Leu,-18.56,0.17,Mg_023_Sym
566,44,023_sym_,1969,Ile,-11.72,0.6,Mg_023_Sym
567,44,023_sym_,2066,Nle,-20.55,0.28,Mg_023_Sym
568,44,023_sym_,2409,Asp,3.36,0.25,Mg_023_Sym
569,44,023_sym_,2553,Glu,-4.67,0.16,Mg_023_Sym
570,44,023_sym_,2587,Phe,-16.14,0.06,Mg_023_Sym
571,44,023_sym_,2665,Lys,-6.57,0.08,Mg_023_Sym
572,44,023_sym_,2725,Arg,-2.27,,Mg_023_Sym
573,45,024_sym,1413,Ala,-9.4,0.38,Mg_024_Sym
574,45,024_sym,1486,Gly,-28.69,0.47,Mg_024_Sym
575,45,024_sym,1656,Thr,-2.31,0.38,Mg_024_Sym
576,45,024_sym,1706,Ser,2.29,0.52,Mg_024_Sym
577,45,024_sym,1743,Val,-15.81,0.16,Mg_024_Sym
578,45,024_sym,1934,Leu,-18.29,0.32,Mg_024_Sym
579,45,024_sym,1969,Ile,-10.37,0.36,Mg_024_Sym
580,45,024_sym,2066,Nle,-19.07,0.34,Mg_024_Sym
581,45,024_sym,2409,Asp,2.75,0.56,Mg_024_Sym
582,45,024_sym,2553,Glu,-3.2,0.29,Mg_024_Sym
583,45,024_sym,2587,Phe,-14.98,0.09,Mg_024_Sym
584,45,024_sym,2665,Lys,-5.35,0.2,Mg_024_Sym
585,45,024_sym,2725,Arg,-2.27,,Mg_024_Sym
586,46,026_sym,1413,Ala,-10.27,0.33,Mg_026_Sym
587,46,026_sym,1486,Gly,-32.08,0.08,Mg_026_Sym
588,46,026_sym,1656,Thr,-2.23,0.29,Mg_026_Sym
589,46,026_sym,1706,Ser,2.4,0.09,Mg_026_Sym
590,46,026_sym,1743,Val,-17.99,0.17,Mg_026_Sym
591,46,026_sym,1934,Leu,-19.41,0.51,Mg_026_Sym
592,46,026_sym,1969,Ile,-12.18,0.41,Mg_026_Sym
593,46,026_sym,2066,Nle,-19,0.19,Mg_026_Sym
594,46,026_sym,2409,Asp,1.39,0.18,Mg_026_Sym
595,46,026_sym,2553,Glu,-3.61,0.06,Mg_026_Sym
596,46,026_sym,2587,Phe,-16.07,0.1,Mg_026_Sym
597,46,026_sym,2665,Lys,-6.14,0.1,Mg_026_Sym
598,46,026_sym,2725,Arg,,,Mg_026_Sym
599,47,P_003,1413,Ala,-12.21,0.36,P_003
600,47,P_003,1486,Gly,-18.27,0.38,P_003
601,47,P_003,1656,Thr,-11.47,0.59,P_003
602,47,P_003,1706,Ser,1.9,0.44,P_003
603,47,P_003,1743,Val,-23.55,0.26,P_003
604,47,P_003,1934,Leu,-24.11,0.49,P_003
605,47,P_003,1969,Ile,-19.97,0.55,P_003
606,47,P_003,2066,Nle,-23.81,0.34,P_003
607,47,P_003,2409,Asp,-15.91,0.47,P_003
608,47,P_003,2553,Glu,-16.19,0.27,P_003
609,47,P_003,2587,Phe,-25.14,0.32,P_003
610,47,P_003,2665,Lys,-15.99,0.3,P_003
611,47,P_003,2725,Arg,,,P_003
612,48,P_004,1413,Ala,-13.69,0.11,P_004
613,48,P_004,1486,Gly,-26.97,0.18,P_004
614,48,P_004,1656,Thr,-13.17,0.55,P_004
615,48,P_004,1706,Ser,0.25,0.17,P_004
616,48,P_004,1743,Val,-23.63,0.5,P_004
617,48,P_004,1934,Leu,-26.97,0.69,P_004
618,48,P_004,1969,Ile,-19.65,0.26,P_004
619,48,P_004,2066,Nle,-23.11,0.18,P_004
620,48,P_004,2409,Asp,-16.78,0.38,P_004
621,48,P_004,2553,Glu,-18.19,0.14,P_004
622,48,P_004,2587,Phe,-24.73,0.2,P_004
623,48,P_004,2665,Lys,-15.27,0.21,P_004
624,48,P_004,2725,Arg,,,P_004
625,49,P_005 R1,1413,Ala,-7.95,0.27,P_005-R1
626,49,P_005 R1,1486,Gly,-12.39,0.42,P_005-R1
627,49,P_005 R1,1656,Thr,-9.8,0.09,P_005-R1
628,49,P_005 R1,1706,Ser,11.7,0.63,P_005-R1
629,49,P_005 R1,1743,Val,-18.73,0.3,P_005-R1
630,49,P_005 R1,1934,Leu,-25.29,0.2,P_005-R1
631,49,P_005 R1,1969,Ile,-14.72,0.28,P_005-R1
632,49,P_005 R1,2066,Nle,-23.87,0.57,P_005-R1
633,49,P_005 R1,2409,Asp,-9.7,0.17,P_005-R1
634,49,P_005 R1,2553,Glu,-12.94,0.22,P_005-R1
635,49,P_005 R1,2587,Phe,-25.26,0.07,P_005-R1
636,49,P_005 R1,2665,Lys,-13.94,0.12,P_005-R1
637,49,P_005 R1,2725,Arg,,,P_005-R1
638,50,P_006 R1,1413,Ala,-7.35,0.73,P_006-R1
639,50,P_006 R1,1486,Gly,-10.64,0.4,P_006-R1
640,50,P_006 R1,1656,Thr,-7.87,0.22,P_006-R1
641,50,P_006 R1,1706,Ser,17.87,0.24,P_006-R1
642,50,P_006 R1,1743,Val,-18.99,0.58,P_006-R1
643,50,P_006 R1,1934,Leu,-21.49,0.33,P_006-R1
644,50,P_006 R1,1969,Ile,-13.32,0.47,P_006-R1
645,50,P_006 R1,2066,Nle,-22.87,0.86,P_006-R1
646,50,P_006 R1,2409,Asp,-9.24,0.17,P_006-R1
647,50,P_006 R1,2553,Glu,-13.2,0.27,P_006-R1
648,50,P_006 R1,2587,Phe,-23.89,0.39,P_006-R1
649,50,P_006 R1,2665,Lys,-13.11,0.24,P_006-R1
650,50,P_006 R1,2725,Arg,,,P_006-R1
651,51,AA.std.7,1412.6,Ala,-19.68,0.5,NA
652,51,AA.std.7,1486.4,Gly,-13.29,0.3,NA
653,51,AA.std.7,1655.9,Thr,-18.76,0.33,NA
654,51,AA.std.7,1706.3,Ser,-20.05,0.95,NA
655,51,AA.std.7,1743.1,Val,-15.34,0.35,NA
656,51,AA.std.7,1934.3,Leu,-22.01,0.23,NA
657,51,AA.std.7,1968.8,Ile,-22.14,0.36,NA
658,51,AA.std.7,2066.4,Nle,-20.66,0.58,NA
659,51,AA.std.7,2408.7,Asp,-18.8,0.35,NA
660,51,AA.std.7,2552.5,Glu,-21.72,0.48,NA
661,51,AA.std.7,2586.8,Phe,-13.38,0.42,NA
662,51,AA.std.7,2665,Lys,-15.66,0.36,NA
663,51,AA.std.7,2724.9,Arg,-12.43,,NA
664,52,P_009 R1_A,1413,Ala,-10.81,0.35,P_009-R1
665,52,P_009 R1_A,1486,Gly,-14.68,0.48,P_009-R1
666,52,P_009 R1_A,1656,Thr,-8.79,0.07,P_009-R1
667,52,P_009 R1_A,1706,Ser,14.14,0.21,P_009-R1
668,52,P_009 R1_A,1743,Val,-18.29,0.14,P_009-R1
669,52,P_009 R1_A,1934,Leu,-24.44,0.11,P_009-R1
670,52,P_009 R1_A,1969,Ile,-16.22,0.1,P_009-R1
671,52,P_009 R1_A,2066,Nle,-20.84,0.26,P_009-R1
672,52,P_009 R1_A,2409,Asp,-19.06,0.39,P_009-R1
673,52,P_009 R1_A,2553,Glu,-15.67,0.34,P_009-R1
674,52,P_009 R1_A,2587,Phe,-23.14,0.04,P_009-R1
675,52,P_009 R1_A,2665,Lys,-15.78,0.26,P_009-R1
676,52,P_009 R1_A,2725,Arg,5.1,,P_009-R1